,,,humanAnnotator,TaxonID,class,scientificName,documentType,urls,NOTES,Residential & Commerial Development,Agriculture & Aquaculture,Energy Producting & Mining,Transportation & Service Corridors,Biological Resource Use,Human Intrusions & Disturbance,Natural System Modifcations,Invasive & Other Problematic Species & Genes,Pollution,Geological Events,Climate Change & Severe Weather,Limiting/Intrinsic Population Factors,DISEASE?
Threat,,,Vaughn,1546,Insecta,Euphydryas anicia cloudcrofti,CriticalHabitatDesignationURLs,https://www.govinfo.gov/link/fr/88/54263,,TRUE,FALSE,FALSE,FALSE,TRUE,TRUE,FALSE,TRUE,FALSE,FALSE,TRUE,FALSE,
1,Residential & commercial development,,Jayme,1397,Bivalvia,Ptychobranchus subtentus,RecoveryPlanURLs,https://ecos.fws.gov/docs/recovery_plan/Fluted Kidneyshell_Final RP.pdf,,TRUE,TRUE,TRUE,FALSE,FALSE,FALSE,TRUE,TRUE,TRUE,FALSE,TRUE,TRUE,FALSE
1.1,Housing & urban areas,,Melissa,9879,Bivalvia,Obovaria subrotunda,CriticalHabitatDesignationURLs,https://www.govinfo.gov/link/fr/88/14794," We have determined that the longsolid and round hickorynut are threatened species due to the following threats: habitat degradation or loss (Factor A) from a variety of sources (e.g., dams and other barriers, resource extraction); degraded water quality from chemical contamination and erosion from development, agriculture, mining, and forest conversion (Factor A); direct mortality from dredging (Factor E); residual impacts (reduced population size) from historical harvest (Factor B); and the proliferation of invasive, nonnative species (Factor E). These threats also contribute to the negative effects associated with the species’ small population sizes (Factor E). ",TRUE,TRUE,FALSE,TRUE,TRUE,FALSE,TRUE,TRUE,TRUE,FALSE,FALSE,TRUE,FALSE
1.2,Commercial & industrial areas,,Ann Marie,317,Bivalvia,Epioblasma metastriata,ReviewURLs,https://ecosphere-documents-production-public.s3.amazonaws.com/sams/public_docs/species_nonpublish/1314.pdf,Presumed extinct; main threats for all species in document were habitat modification due to dams and aquatic pollution,FALSE,FALSE,TRUE,FALSE,FALSE,FALSE,TRUE,FALSE,TRUE,FALSE,FALSE,TRUE,FALSE
1.3,Tourism & recreation areas,,Vaughn,6944,Malacostraca,Procaris hawaiana,RecoveryPlanURLs,https://ecos.fws.gov/docs/recovery_plan/Hawaiian_Archipelago_Recovery_Plan_20221214.pdf,,,,,,,,,,,,,,
2,Agriculture & aquaculture,,Jayme,8083,Bivalvia,Medionidus simpsonianus,RecoveryPlanURLs,https://ecos.fws.gov/docs/recovery_plan/Ochlockonee Moccasinshell Recovery Plan Amendment_1.pdf,,TRUE,TRUE,TRUE,FALSE,FALSE,FALSE,TRUE,TRUE,TRUE,FALSE,TRUE,TRUE,
2.1,Annual & perennial non-timber crops,,Melissa,9815,Malacostraca,Faxonius eupunctus,SpeciesStatusAssessmentURLs,https://ecos.fws.gov/ServCat/DownloadFile/163713,"excessive sedimentation and degraded water quality. hough the effects of degraded water quality on the two species of crayfish is unclear, we presume that degraded water quality reduces reproduction and survivorship of crayfish. ",FALSE,FALSE,FALSE,FALSE,FALSE,TRUE,TRUE,TRUE,TRUE,FALSE,TRUE,TRUE,TRUE
2.2,Wood & pulp plantations,,Ann Marie,4780,Gastropoda,Taylorconcha serpenticola,RecoveryPlanURLs,https://ecos.fws.gov/docs/recovery_plan/951126.pdf,**Does agricultural pollution qualify both agriculture and pollution as threats?,FALSE,TRUE,TRUE,FALSE,FALSE,FALSE,TRUE,TRUE,TRUE,FALSE,FALSE,TRUE,FALSE
2.3,Livestock farming & ranching,,Vaughn,7867,Bivalvia,Cumberlandia monodonta,SpeciesStatusAssessmentURLs,https://ecos.fws.gov/ServCat/DownloadFile/224411,,,,,,,,,,,,,,
2.4,Marine & freshwater aquaculture,,Jayme,5011,Malacostraca,Cambarus aculabrum,RecoveryPlanURLs,https://ecos.fws.gov/docs/recovery_plan/Cave Crayfish Recovery Plan Amendment.pdf,,TRUE,TRUE,TRUE,TRUE,FALSE,TRUE,FALSE,FALSE,TRUE,FALSE,FALSE,FALSE,FALSE
3,Energy production & mining,,Melissa,464,Gastropoda,Triodopsis platysayoides,ReviewURLs,https://ecosphere-documents-production-public.s3.amazonaws.com/sams/public_docs/species_nonpublish/2768.pdf,,TRUE,FALSE,TRUE,FALSE,FALSE,TRUE,FALSE,FALSE,FALSE,FALSE,TRUE,TRUE,FALSE
3.1,Oil & gas drilling,,Ann Marie,2575,Bivalvia,Medionidus parvulus,RecoveryPlanURLs,https://ecos.fws.gov/docs/recovery_plan/Coosa moccasinshell and Southern pigtoe Recovery Plan Amendment_2.pdf,"Document is an amendment to recovery criteria, so does not go into a lot of detail about theats",FALSE,FALSE,FALSE,FALSE,FALSE,FALSE,FALSE,FALSE,FALSE,FALSE,TRUE,TRUE,FALSE
3.2,Mining & quarrying,,Vaughn,8469,Bivalvia,Epioblasma othcaloogensis,ReviewURLs,https://ecosphere-documents-production-public.s3.amazonaws.com/sams/public_docs/species_nonpublish/1314.pdf,,,,,,,,,,,,,,
3.3,Renewable energy,,Jayme,3140,Insecta,Texamaurops reddelli,RecoveryPlanURLs,https://ecos.fws.gov/docs/recovery_plan/940825.pdf,,TRUE,TRUE,TRUE,FALSE,FALSE,TRUE,TRUE,TRUE,TRUE,FALSE,FALSE,FALSE,FALSE
4,Transportation & service corridors,,Melissa,1520,Bivalvia,Pleurobema georgianum,ReviewURLs,https://ecosphere-documents-production-public.s3.amazonaws.com/sams/public_docs/species_nonpublish/2855.pdf,,TRUE,FALSE,TRUE,FALSE,FALSE,FALSE,TRUE,FALSE,TRUE,FALSE,TRUE,TRUE,FALSE
4.1,Roads & railroads,,Ann Marie,5665,Malacostraca,Vetericaris chaceorum,CriticalHabitatDesignationURLs,https://www.govinfo.gov/link/fr/88/18756,"Designation of critical habitat denied for this species because disclosing locations would not be prudent. The rest of the document focuses on species that do warrant critical habitat, so no further details on threats.",FALSE,FALSE,FALSE,FALSE,TRUE,FALSE,FALSE,FALSE,FALSE,FALSE,FALSE,FALSE,FALSE
4.2,Utility & service lines,,Vaughn,7663,Bivalvia,Medionidus penicillatus,CriticalHabitatDesignationURLs,https://www.govinfo.gov/link/fr/72/64286?link-type=pdf,,,,,,,,,,,,,,
4.3,Shipping lanes,,Jayme,6929,Insecta,Speyeria zerene myrtleae,ReviewURLs,https://ecosphere-documents-production-public.s3.amazonaws.com/sams/public_docs/species_nonpublish/1337.pdf,,TRUE,FALSE,FALSE,TRUE,TRUE,TRUE,FALSE,TRUE,FALSE,FALSE,TRUE,TRUE,FALSE
4.4,Flight paths,,Melissa,4779,Gastropoda,Tryonia cheatumi,CriticalHabitatDesignationURLs,https://www.govinfo.gov/link/fr/78/40970?link-type=pdf,It did not have a specific threats sections -- declining spring flows,TRUE,FALSE,FALSE,FALSE,FALSE,FALSE,TRUE,FALSE,FALSE,FALSE,TRUE,FALSE,FALSE
5,Biological resource use,,Ann Marie,3394,Insecta,Callophrys mossii bayensis,ReviewURLs,https://ecosphere-documents-production-public.s3.amazonaws.com/sams/public_docs/species_nonpublish/956.pdf,"**How are pesticides categorized? Marked ""pollution"" for now; ""poaching"" mentioned as threat, so marked ""biological resource use""",TRUE,FALSE,FALSE,TRUE,TRUE,FALSE,FALSE,TRUE,TRUE,FALSE,TRUE,TRUE,FALSE
5.1,Hunting & collecting terrestrial animals,,Vaughn,7287,Bivalvia,Medionidus acutissimus,CriticalHabitatDesignationURLs,https://www.govinfo.gov/link/fr/69/40084?link-type=pdf,,,,,,,,,,,,,,
5.2,Gathering terrestrial plants,,Jayme,1028,Insecta,Hesperia dacotae,SpeciesStatusAssessmentURLs,https://ecos.fws.gov/ServCat/DownloadFile/155865,,TRUE,TRUE,TRUE,TRUE,FALSE,FALSE,TRUE,TRUE,TRUE,FALSE,TRUE,FALSE,FALSE
5.3,Logging & wood harvesting,,Melissa,1142,Gastropoda,Erinna newcombi,ReviewURLs,https://ecosphere-documents-production-public.s3.amazonaws.com/sams/public_docs/species_nonpublish/3813.pdf,,FALSE,FALSE,FALSE,FALSE,FALSE,FALSE,FALSE,TRUE,FALSE,FALSE,TRUE,TRUE,FALSE
5.4,Fishing & harvesting aquatic resources,,Ann Marie,4382,Insecta,Apodemia mormo langei,ReviewURLs,https://ecosphere-documents-production-public.s3.amazonaws.com/sams/public_docs/species_nonpublish/1250.pdf,"**Herbicides (on host plants) considered threat, marked under ""pollution",FALSE,FALSE,FALSE,FALSE,TRUE,TRUE,FALSE,TRUE,TRUE,FALSE,TRUE,TRUE,FALSE
6,Human intrusions & disturbance,,Vaughn,3057,Insecta,Optioservus phaeus,SpeciesStatusAssessmentURLs,https://ecos.fws.gov/ServCat/DownloadFile/169759,,,,,,,,,,,,,,
6.1,Recreational activities,,Jayme,298,Bivalvia,Pleurobema taitianum,ReviewURLs,https://ecosphere-documents-production-public.s3.amazonaws.com/sams/public_docs/species_nonpublish/2332.pdf,,Couldn't do this one as there was nothing about threats,,,,,,,,,,,,
6.2,"War, civil unrest & military exercises",,Melissa,9002,Gastropoda,Pyrgulopsis turbatrix,SpeciesStatusAssessmentURLs,https://ecos.fws.gov/ServCat/DownloadFile/204767,"NOT LISTED, groundwater pumping",FALSE,FALSE,FALSE,FALSE,FALSE,FALSE,TRUE,FALSE,FALSE,FALSE,TRUE,TRUE,FALSE
6.3,Work & other activities,,Ann Marie,66,Insecta,Nicrophorus americanus,SpeciesStatusAssessmentURLs,https://ecos.fws.gov/ServCat/DownloadFile/165011,"Mentioned many likely threats (all marked true), but decrease in prey and habitat modification were the major things",TRUE,TRUE,TRUE,FALSE,FALSE,FALSE,TRUE,TRUE,FALSE,FALSE,TRUE,FALSE,TRUE
7,Natural system modifications,,Vaughn,1248,Bivalvia,Alasmidonta atropurpurea,ReviewURLs,https://ecosphere-documents-production-public.s3.amazonaws.com/sams/public_docs/species_nonpublish/1037.pdf,,,,,,,,,,,,,,
7.1,Fire & fire suppression,,Jayme,8105,Insecta,Habroscelimorpha dorsalis dorsalis,RecoveryPlanURLs,https://ecos.fws.gov/docs/recovery_plan/940929b.pdf,,TRUE,FALSE,FALSE,FALSE,FALSE,TRUE,TRUE,FALSE,TRUE,FALSE,FALSE,TRUE,FALSE
7.2,Dams & water management/use,,Melissa,6219,Gastropoda,Antrobia culveri,ReviewURLs,https://ecosphere-documents-production-public.s3.amazonaws.com/sams/public_docs/species_nonpublish/2676.pdf,,FALSE,FALSE,FALSE,FALSE,FALSE,FALSE,FALSE,TRUE,FALSE,FALSE,FALSE,TRUE,FALSE
7.3,Other ecosystem modifications,,Ann Marie,5665,Malacostraca,Vetericaris chaceorum,ReviewURLs,https://ecosphere-documents-production-public.s3.amazonaws.com/sams/public_docs/species_nonpublish/3015.pdf,,TRUE,FALSE,FALSE,FALSE,TRUE,TRUE,FALSE,TRUE,TRUE,TRUE,TRUE,TRUE,FALSE
8,Invasive & other problematic species & genes,,Vaughn,2467,Euchelicerata,Cicurina madla,RecoveryPlanURLs,https://ecos.fws.gov/docs/recovery_plan/Final 2001 Bexar Co Invertebrates Rec Plan_1.pdf,,,,,,,,,,,,,,
8.1,Invasive non-native/alien species/diseases,,Jayme,7869,Bivalvia,Lampsilis streckeri,ReviewURLs,https://ecosphere-documents-production-public.s3.amazonaws.com/sams/public_docs/species_nonpublish/1036.pdf,,FALSE,TRUE,TRUE,TRUE,FALSE,FALSE,TRUE,FALSE,TRUE,FALSE,FALSE,FALSE,FALSE
8.2,Problematic native species/diseases,,Melissa,2246,Branchiopoda,Lepidurus packardi,ReviewURLs,https://ecosphere-documents-production-public.s3.amazonaws.com/sams/public_docs/species_nonpublish/1126.pdf,,TRUE,FALSE,FALSE,FALSE,FALSE,TRUE,TRUE,TRUE,TRUE,FALSE,TRUE,FALSE,FALSE
8.3,Introduced genetic material,,Ann Marie,7022,Insecta,Bombus franklini,SpeciesStatusAssessmentURLs,https://ecos.fws.gov/ServCat/DownloadFile/164615,"Mentioned pesticide use directly in association with ""agriculture,"" marked both ag and pollution. But agriculture itself specifically mentioned as not contributing to decline. I marked agriculture because of grazing.",TRUE,TRUE,FALSE,FALSE,FALSE,FALSE,TRUE,FALSE,TRUE,FALSE,TRUE,TRUE,TRUE
8.4,Problematic species/diseases of unknown origin,,Vaughn,4290,Malacostraca,Gammarus pecos,SpeciesStatusAssessmentURLs,https://ecos.fws.gov/ServCat/DownloadFile/214610,,,,,,,,,,,,,,
8.5,Viral/prion-induced diseases,,Jayme,3779,Insecta,Speyeria callippe callippe,SpeciesStatusAssessmentURLs,https://ecos.fws.gov/ServCat/DownloadFile/173309,,TRUE,FALSE,FALSE,FALSE,FALSE,FALSE,TRUE,TRUE,TRUE,FALSE,FALSE,TRUE,FALSE
8.6,Diseases of unknown cause,,Melissa,1028,Insecta,Hesperia dacotae,RecoveryPlanURLs,https://ecos.fws.gov/docs/recovery_plan/Dakota Skipper Final Recovery Plan_28September2021_508.pdf,Grazing and ecological succesion of pairie habitat,TRUE,TRUE,TRUE,FALSE,FALSE,FALSE,FALSE,TRUE,TRUE,FALSE,TRUE,FALSE,FALSE
9,Pollution,,Ann Marie,4693,Bivalvia,Pleurobema athearni,RecoveryPlanURLs,https://ecos.fws.gov/docs/recovery_plan/20230731_Recovery Outline_CanoeCreekClubshell.signed.pdf,,FALSE,FALSE,FALSE,FALSE,FALSE,FALSE,TRUE,FALSE,TRUE,FALSE,TRUE,TRUE,FALSE
9.1,Domestic & urban waste water,,Vaughn,3398,Insecta,Hylaeus assimulans,ReviewURLs,https://ecosphere-documents-production-public.s3.amazonaws.com/sams/public_docs/species_nonpublish/3294.pdf,,,,,,,,,,,,,,
9.2,Industrial & military effluents,,Jayme,4396,Bivalvia,Ptychobranchus greenii,ReviewURLs,https://ecosphere-documents-production-public.s3.amazonaws.com/sams/public_docs/species_nonpublish/2857.pdf,,TRUE,FALSE,TRUE,TRUE,FALSE,FALSE,TRUE,FALSE,TRUE,FALSE,TRUE,TRUE,FALSE
9.3,Agricultural & forestry effluents,,Melissa,2573,Bivalvia,Fusconaia cor,ReviewURLs,https://ecosphere-documents-production-public.s3.amazonaws.com/sams/public_docs/species_nonpublish/2137.pdf,,TRUE,TRUE,TRUE,FALSE,FALSE,FALSE,FALSE,FALSE,TRUE,FALSE,FALSE,TRUE,FALSE
9.4,Garbage & solid waste,,Ann Marie,8996,Gastropoda,Pyrgulopsis sathos,SpeciesStatusAssessmentURLs,https://ecos.fws.gov/ServCat/DownloadFile/133012,,FALSE,TRUE,FALSE,TRUE,FALSE,TRUE,TRUE,FALSE,TRUE,FALSE,TRUE,FALSE,FALSE
9.5,Air-borne pollutants,,Vaughn,7881,Insecta,Euproserpinus euterpe,CriticalHabitatDesignationURLs,https://www.govinfo.gov/link/fr/43/28938?link-type=pdf,,,,,,,,,,,,,,
9.6,Excess energy,,Jayme,9887,Bivalvia,Pleuronaia barnesiana,SpeciesStatusAssessmentURLs,https://ecos.fws.gov/ServCat/DownloadFile/235649,,TRUE,TRUE,TRUE,FALSE,FALSE,FALSE,TRUE,FALSE,TRUE,FALSE,TRUE,FALSE,FALSE
10,Geological events,,Melissa,6942,Insecta,Rhadine exilis,ReviewURLs,https://ecosphere-documents-production-public.s3.amazonaws.com/sams/public_docs/species_nonpublish/1789.pdf,"NO THREATS LISTED, IT SAID TO LOOK AT RECOVERY PLAN FOR THREATS",NA,NA,NA,NA,NA,NA,NA,NA,NA,NA,NA,NA,NA
10.1,Volcanoes,,Ann Marie,1142,Gastropoda,Erinna newcombi,ReviewURLs,https://ecosphere-documents-production-public.s3.amazonaws.com/sams/public_docs/species_nonpublish/2408.pdf,,FALSE,TRUE,TRUE,FALSE,FALSE,FALSE,TRUE,TRUE,FALSE,TRUE,TRUE,FALSE,FALSE
10.2,Earthquakes/tsunamis,,Vaughn,674,Insecta,Pseudocopaeodes eunus obscurus,ReviewURLs,https://ecosphere-documents-production-public.s3.amazonaws.com/sams/public_docs/species_nonpublish/1946.pdf,,,,,,,,,,,,,,
10.3,Avalanches/landslides,,Jayme,2319,Insecta,Elaphrus viridis,ReviewURLs,https://ecosphere-documents-production-public.s3.amazonaws.com/sams/public_docs/species_nonpublish/1327.pdf,,FALSE,TRUE,FALSE,TRUE,TRUE,TRUE,FALSE,TRUE,FALSE,FALSE,TRUE,FALSE,FALSE
11,Climate change & severe weather,,Melissa,6636,Bivalvia,Lemiox rimosus,ReviewURLs,https://ecosphere-documents-production-public.s3.amazonaws.com/sams/public_docs/species_nonpublish/2161.pdf,,FALSE,FALSE,TRUE,FALSE,FALSE,FALSE,FALSE,FALSE,FALSE,FALSE,FALSE,FALSE,FALSE
11.1,Habitat shifting & alteration,,Ann Marie,7869,Bivalvia,Lampsilis streckeri,ReviewURLs,https://ecosphere-documents-production-public.s3.amazonaws.com/sams/public_docs/species_nonpublish/2249.pdf,,FALSE,FALSE,TRUE,FALSE,FALSE,FALSE,TRUE,FALSE,TRUE,FALSE,TRUE,TRUE,FALSE
11.2,Droughts,,Vaughn,2467,Euchelicerata,Cicurina madla,ReviewURLs,https://ecosphere-documents-production-public.s3.amazonaws.com/sams/public_docs/species_nonpublish/2809.pdf,,,,,,,,,,,,,,
11.3,Temperature extremes,,Jayme,2574,Bivalvia,Amblema neislerii,RecoveryPlanURLs,https://ecos.fws.gov/docs/recovery_plan/030930.pdf,,TRUE,TRUE,TRUE,TRUE,FALSE,FALSE,TRUE,TRUE,TRUE,FALSE,FALSE,TRUE,FALSE
11.4,Storms & flooding,,Melissa,2309,Gastropoda,Helminthoglypta walkeriana,RecoveryPlanURLs,https://ecos.fws.gov/docs/recovery_plan/980928e.pdf,,TRUE,FALSE,FALSE,FALSE,FALSE,TRUE,FALSE,TRUE,TRUE,FALSE,FALSE,TRUE,FALSE
11.5,Other impacts,,Ann Marie,6999,Bivalvia,Theliderma intermedia,ReviewURLs,https://ecosphere-documents-production-public.s3.amazonaws.com/sams/public_docs/species_nonpublish/3236.pdf,,FALSE,FALSE,TRUE,FALSE,FALSE,FALSE,TRUE,FALSE,TRUE,FALSE,FALSE,TRUE,FALSE
,,,Vaughn,3982,Insecta,Polyphylla barbata,ReviewURLs,https://ecosphere-documents-production-public.s3.amazonaws.com/sams/public_docs/species_nonpublish/958.pdf,,,,,,,,,,,,,,
,,,Jayme,674,Insecta,Pseudocopaeodes eunus obscurus,RecoveryPlanURLs,https://ecos.fws.gov/docs/recovery_plan/070913b.pdf,,,,,,,,,,,,,,
,,,Melissa,5052,Gastropoda,Elimia crenatella,ReviewURLs,https://ecosphere-documents-production-public.s3.amazonaws.com/sams/public_docs/species_nonpublish/4028.pdf,,FALSE,FALSE,FALSE,FALSE,FALSE,FALSE,FALSE,FALSE,TRUE,FALSE,TRUE,TRUE,FALSE
,,,Ann Marie,5430,Bivalvia,Pleurobema perovatum,ReviewURLs,https://ecosphere-documents-production-public.s3.amazonaws.com/sams/public_docs/species_nonpublish/1314.pdf,"Mentioned dams but no clear link to energy production, so only natural system mod was marked",FALSE,FALSE,FALSE,FALSE,FALSE,FALSE,TRUE,FALSE,TRUE,FALSE,TRUE,,
,,,Vaughn,3982,Insecta,Polyphylla barbata,RecoveryPlanURLs,https://ecos.fws.gov/docs/recovery_plan/980928a.pdf,,,,,,,,,,,,,,
,,,Jayme,2780,Bivalvia,Potamilus capax,ReviewURLs,https://ecosphere-documents-production-public.s3.amazonaws.com/sams/public_docs/species_nonpublish/2927.pdf,,,,,,,,,,,,,,
,,,Melissa,10233,Bivalvia,Pleurobema riddellii,CriticalHabitatDesignationURLs,https://www.govinfo.gov/link/fr/88/16776,,FALSE,FALSE,FALSE,FALSE,TRUE,FALSE,TRUE,FALSE,TRUE,FALSE,TRUE,FALSE,FALSE
,,,Ann Marie,1520,Bivalvia,Pleurobema georgianum,RecoveryPlanURLs,https://ecos.fws.gov/docs/recovery_plan/001117.pdf,"Listed major threats to waterways, as this doc is for multiple species. For species in particular, runoff from housing and ag were mentioned, those two threats were marked true.",TRUE,TRUE,TRUE,TRUE,FALSE,FALSE,TRUE,FALSE,TRUE,FALSE,FALSE,FALSE,FALSE
,,,Vaughn,8535,Insecta,Glaucopsyche lygdamus palosverdesensis,ReviewURLs,https://ecosphere-documents-production-public.s3.amazonaws.com/sams/public_docs/species_nonpublish/986.pdf,,,,,,,,,,,,,,
,,,Jayme,1518,Bivalvia,Pleuronaia dolabelloides,CriticalHabitatDesignationURLs,https://www.govinfo.gov/link/fr/78/59555?link-type=pdf,,Link doesn't work,,,,,,,,,,,,
,,,Melissa,7545,Gastropoda,Pyrgulopsis erythropoma,SpeciesStatusAssessmentURLs,https://ecos.fws.gov/ServCat/DownloadFile/204770,,FALSE,FALSE,FALSE,TRUE,FALSE,TRUE,TRUE,TRUE,TRUE,FALSE,TRUE,FALSE,FALSE
,,,Ann Marie,10761,Malacostraca,Faxonius quadruncus,RecoveryPlanURLs,https://ecos.fws.gov/docs/recovery_plan/Recovery Outline-Big Creek Crayfish and St. Francis River Crayfish 8-15-23_signed.pdf,Document very focused on two main threats: heavy metal contamination and dispacement by invasive crayfish.,FALSE,FALSE,FALSE,FALSE,FALSE,FALSE,FALSE,TRUE,TRUE,FALSE,FALSE,FALSE,FALSE
,,,Vaughn,5430,Bivalvia,Pleurobema perovatum,ReviewURLs,https://ecosphere-documents-production-public.s3.amazonaws.com/sams/public_docs/species_nonpublish/2856.pdf,,,,,,,,,,,,,,
,,,Jayme,4511,Bivalvia,Elliptio lanceolata,SpeciesStatusAssessmentURLs,https://ecos.fws.gov/ServCat/DownloadFile/138974,,TRUE,TRUE,FALSE,TRUE,TRUE,FALSE,TRUE,TRUE,TRUE,FALSE,TRUE,TRUE,FALSE
,,,Melissa,676,Euchelicerata,Texella cokendolpheri,CriticalHabitatDesignationURLs,https://www.govinfo.gov/link/fr/77/8450?link-type=pdf,,TRUE,FALSE,FALSE,TRUE,FALSE,TRUE,TRUE,TRUE,FALSE,FALSE,FALSE,FALSE,FALSE
,,,Ann Marie,8042,Malacostraca,Gammarus desperatus,RecoveryPlanURLs,https://ecos.fws.gov/docs/recovery_plan/Final Recovery Plan Four Invertebrates of Pecos River Valley_1.pdf,,TRUE,FALSE,TRUE,FALSE,FALSE,FALSE,TRUE,TRUE,TRUE,FALSE,TRUE,TRUE,FALSE
,,,Vaughn,2564,Insecta,Ambrysus amargosus,CriticalHabitatDesignationURLs,https://www.govinfo.gov/link/fr/50/20777?link-type=pdf,,,,,,,,,,,,,,
,,,Jayme,929,Insecta,Hesperia leonardus montana,RecoveryPlanURLs,https://ecos.fws.gov/docs/recovery_plan/980921.pdf,,TRUE,FALSE,FALSE,TRUE,FALSE,TRUE,TRUE,TRUE,TRUE,FALSE,FALSE,TRUE,FALSE
,,,Melissa,3788,Bivalvia,Lampsilis rafinesqueana,RecoveryPlanURLs,https://ecos.fws.gov/docs/recovery_plan/Neosho Mucket Recovery Plan.pdf,,FALSE,FALSE,TRUE,FALSE,FALSE,FALSE,TRUE,TRUE,TRUE,FALSE,TRUE,TRUE,FALSE
,,,Ann Marie,464,Gastropoda,Triodopsis platysayoides,ReviewURLs,https://ecosphere-documents-production-public.s3.amazonaws.com/sams/public_docs/species_nonpublish/1130.pdf,,FALSE,FALSE,FALSE,TRUE,TRUE,TRUE,FALSE,TRUE,FALSE,FALSE,FALSE,FALSE,FALSE
,,,Vaughn,1142,Gastropoda,Erinna newcombi,CriticalHabitatDesignationURLs,https://www.govinfo.gov/link/fr/67/54026?link-type=pdf,,,,,,,,,,,,,,
,,,Jayme,2806,Gastropoda,Pyrgulopsis neomexicana,ReviewURLs,https://ecosphere-documents-production-public.s3.amazonaws.com/sams/public_docs/species_nonpublish/3018.pdf,,FALSE,FALSE,FALSE,FALSE,FALSE,FALSE,FALSE,TRUE,FALSE,FALSE,TRUE,TRUE,FALSE
,,,Melissa,3788,Bivalvia,Lampsilis rafinesqueana,CriticalHabitatDesignationURLs,https://www.govinfo.gov/link/fr/80/24692?link-type=pdf,,FALSE,FALSE,TRUE,FALSE,FALSE,FALSE,TRUE,TRUE,TRUE,FALSE,TRUE,TRUE,FALSE
,,,Ann Marie,2319,Insecta,Elaphrus viridis,ReviewURLs,https://ecosphere-documents-production-public.s3.amazonaws.com/sams/public_docs/species_nonpublish/3247.pdf,,TRUE,TRUE,FALSE,TRUE,FALSE,FALSE,FALSE,TRUE,TRUE,FALSE,TRUE,TRUE,FALSE
,,,Vaughn,7660,Bivalvia,Elliptoideus sloatianus,ReviewURLs,https://ecosphere-documents-production-public.s3.amazonaws.com/sams/public_docs/species_nonpublish/1076.pdf,,,,,,,,,,,,,,
,,,Jayme,4511,Bivalvia,Elliptio lanceolata,SpeciesStatusAssessmentURLs,https://ecos.fws.gov/ServCat/DownloadFile/129050,,This is a duplicate; see row 71,,,,,,,,,,,,
,,,Melissa,4511,Bivalvia,Elliptio lanceolata,SpeciesStatusAssessmentURLs,https://ecos.fws.gov/ServCat/DownloadFile/189393,,TRUE,TRUE,FALSE,TRUE,FALSE,FALSE,TRUE,TRUE,TRUE,FALSE,TRUE,FALSE,FALSE
,,,Ann Marie,3403,Insecta,Heterelmis comalensis,CriticalHabitatDesignationURLs,https://www.govinfo.gov/link/fr/78/63100?link-type=pdf,Primary threat is potential failure of spring flow due to drought or groundwater pumping.,FALSE,FALSE,FALSE,FALSE,FALSE,FALSE,TRUE,TRUE,TRUE,FALSE,TRUE,FALSE,FALSE
,,,Vaughn,5602,Bivalvia,Epioblasma obliquata,ReviewURLs,https://ecosphere-documents-production-public.s3.amazonaws.com/sams/public_docs/species_nonpublish/2963.pdf,,,,,,,,,,,,,,
,,,Jayme,2361,Euchelicerata,Cicurina baronia,ReviewURLs,https://ecosphere-documents-production-public.s3.amazonaws.com/sams/public_docs/species_nonpublish/3094.pdf,,,,,,,,,,,,,,
,,,Melissa,5897,Insecta,Megalagrion leptodemas,CriticalHabitatDesignationURLs,https://www.govinfo.gov/link/fr/77/57647?link-type=pdf,THIS LINK DOES NOT WORK,,,,,,,,,,,,,
,,,Ann Marie,533,Bivalvia,Medionidus walkeri,RecoveryPlanURLs,https://ecos.fws.gov/docs/recovery_plan/2016.12.16_recovery_outline_suwannee_mocc.pdf,,TRUE,TRUE,TRUE,FALSE,FALSE,FALSE,TRUE,TRUE,TRUE,FALSE,TRUE,FALSE,FALSE
,,,Vaughn,212,Insecta,Drosophila aglaia,ReviewURLs,https://ecosphere-documents-production-public.s3.amazonaws.com/sams/public_docs/species_nonpublish/2006.pdf,,,,,,,,,,,,,,
,,,Jayme,7850,Insecta,Desmocerus californicus dimorphus,CriticalHabitatDesignationURLs,https://www.govinfo.gov/link/fr/45/52803?link-type=pdf,,TRUE,TRUE,FALSE,FALSE,FALSE,TRUE,TRUE,FALSE,FALSE,FALSE,FALSE,FALSE,FALSE
,,,Melissa,8062,Insecta,Neonympha mitchellii mitchellii,ReviewURLs,https://ecosphere-documents-production-public.s3.amazonaws.com/sams/public_docs/species_nonpublish/2218.pdf,,TRUE,TRUE,FALSE,TRUE,TRUE,TRUE,FALSE,TRUE,FALSE,FALSE,TRUE,TRUE,TRUE
,,,Ann Marie,5039,Bivalvia,Alasmidonta raveneliana,ReviewURLs,https://ecosphere-documents-production-public.s3.amazonaws.com/sams/public_docs/species_nonpublish/3854.pdf,,TRUE,TRUE,TRUE,FALSE,FALSE,FALSE,TRUE,FALSE,TRUE,FALSE,TRUE,TRUE,FALSE
,,,Vaughn,317,Bivalvia,Epioblasma metastriata,ReviewURLs,https://ecosphere-documents-production-public.s3.amazonaws.com/sams/public_docs/species_nonpublish/2684.pdf,,,,,,,,,,,,,,
,,,Jayme,5307,Malacostraca,Palaemonias alabamae,ReviewURLs,https://ecosphere-documents-production-public.s3.amazonaws.com/sams/public_docs/species_nonpublish/1007.pdf,,TRUE,FALSE,FALSE,TRUE,TRUE,TRUE,TRUE,FALSE,TRUE,FALSE,FALSE,TRUE,FALSE
,,,Melissa,1546,Insecta,Euphydryas anicia cloudcrofti,RecoveryPlanURLs,https://ecos.fws.gov/docs/recovery_plan/Sacramento Mountains Checkerspot_Recovery Outline_27Feb2023_ARD Signed.pdf,"Primary Threats As summarized in more detail in the assessment report, we focused our analysis of the Sacramento Mountains checkerspot butterfly’s viability on five primary and several secondary factors.  Primary factors include altered wildfire regimes, climate change, incompatible grazing, invasive plants, and recreation.  Secondary factors include collection, disease, parasites and 2023 Recovery Outline for the Sacramento Mountains Checkerspot Butterfly 7 predation, insecticide application, anthropogenic development and ungulate grazing. ",TRUE,FALSE,FALSE,FALSE,TRUE,TRUE,FALSE,TRUE,TRUE,FALSE,TRUE,TRUE,TRUE
,,,Ann Marie,5008,Malacostraca,Palaemonias ganteri,ReviewURLs,https://ecosphere-documents-production-public.s3.amazonaws.com/sams/public_docs/species_nonpublish/2593.pdf,Traffic accidents and train derailments spilling toxicants have been major threats!,FALSE,TRUE,TRUE,FALSE,FALSE,FALSE,TRUE,FALSE,TRUE,FALSE,FALSE,TRUE,FALSE
,,,Vaughn,5008,Malacostraca,Palaemonias ganteri,ReviewURLs,https://ecosphere-documents-production-public.s3.amazonaws.com/sams/public_docs/species_nonpublish/3698.pdf,,,,,,,,,,,,,,
,,,Jayme,8148,Branchiopoda,Streptocephalus woottoni,RecoveryPlanURLs,https://ecos.fws.gov/docs/recovery_plan/Vernal Pools of Southern California Clarification.pdf,,Couldn't do this one as there was nothing about threats,,,,,,,,,,,,
,,,Melissa,9879,Bivalvia,Obovaria subrotunda,SpeciesStatusAssessmentURLs,https://ecos.fws.gov/ServCat/DownloadFile/185478,,TRUE,TRUE,TRUE,TRUE,FALSE,FALSE,TRUE,TRUE,TRUE,FALSE,TRUE,TRUE,FALSE
,,,Ann Marie,7173,Insecta,Hylaeus anthracinus,RecoveryPlanURLs,https://ecos.fws.gov/docs/recovery_plan/Hawaiian_Archipelago_Recovery_Plan_20221214.pdf,,TRUE,TRUE,FALSE,FALSE,FALSE,TRUE,FALSE,TRUE,FALSE,TRUE,TRUE,TRUE,TRUE